en,az,ru
+₼50 / day,+₼50 / gün,+₼50 / сутки
"/ day · Sahil, Baku","/ gün · Sahil, Bakı","/ сутки · Сахил, Баку"
/ seat · ₼50 whole car,/ yer · bütün avtomobil ₼50,/ место · вся машина ₼50
01 Sep · 1 day · Sahil,01 sen · 1 gün · Sahil,01 сен · 1 сутки · Сахил
02–04 Oct · 2 days · Yasamal,02–04 okt · 2 gün · Yasamal,02–04 окт · 2 суток · Ясамал
05 Oct · Port Baku,05 okt · Port Baku,05 окт · Порт Баку
"06 Sep, by you","06 sen, siz","06 сен, вы"
08 Sep · 1 day,08 sen · 1 gün,08 сен · 1 сутки
09:42 · Sent,09:42 · Göndərildi,09:42 · Отправлено
0:15 left,0:15 qalıb,Осталось 0:15
1 Sep,1 sen,1 сен
1 Sep · 1 day,1 sen · 1 gün,1 сен · 1 сутки
1 live offer · 1 new request,1 aktiv təklif · 1 yeni sorğu,1 активное предложение · 1 новая заявка
1 min ago,1 dəq əvvəl,1 мин назад
1 min walk · 380 km,1 dəq piyada · 380 km,1 мин пешком · 380 км
1 of 4 · Front of the cart,1 / 4 · Karın önü,1 из 4 · Перед карта
1 of 5 · Front of the car,1 / 5 · Avtomobilin önü,1 из 5 · Перед машины
1 of 5 · Front side,1 / 5 · Ön tərəf,1 из 5 · Лицевая сторона
1 passenger · 1 cabin bag,1 sərnişin · 1 əl çantası,1 пассажир · 1 ручная кладь
1 seat,1 yer,1 место
1 seat left,1 yer qalıb,Осталось 1 место
1 seat × ₼15,1 yer × ₼15,1 место × ₼15
"1,000 minutes","1,000 dəqiqə","1,000 минут"
"10,000 minutes","10,000 dəqiqə","10,000 минут"
10-digit tax ID,10 rəqəmli VÖEN,ИНН из 10 цифр
100 minutes,100 dəqiqə,100 минут
12 Sep,12 sen,12 сен
12.4 km,12.4 km,12.4 км
120 minutes,120 dəqiqə,120 минут
14 Sep,14 sen,14 сен
14 Sep · 2 hours,14 sen · 2 saat,14 сен · 2 часа
14 Sep · Sea Breeze · 2 hours,14 sen · Sea Breeze · 2 saat,14 сен · Sea Breeze · 2 часа
"15 Oct, 10:00 · Nizami St.","15 okt, 10:00 · Nizami küç.","15 окт, 10:00 · ул. Низами"
15–18 Oct · 3 days · Nizami St.,15–18 okt · 3 gün · Nizami küç.,15–18 окт · 3 суток · ул. Низами
18 Sep,18 sen,18 сен
18 Sep · 60 min,18 sen · 60 dəq,18 сен · 60 мин
18 Sep · 60 min · 12.4 km,18 sen · 60 dəq · 12.4 km,18 сен · 60 мин · 12.4 км
180 minutes,180 dəqiqə,180 минут
1:42 left,1:42 qalıb,Осталось 1:42
2 days × ₼120,2 gün × ₼120,2 суток × ₼120
2 hours,2 saat,2 часа
2 min ago,2 dəq əvvəl,2 мин назад
2 min walk · 260 km,2 dəq piyada · 260 km,2 мин пешком · 260 км
2 of 5 · Back side,2 / 5 · Arxa tərəf,2 из 5 · Оборотная сторона
2 of 5 · Rear of the car,2 / 5 · Avtomobilin arxası,2 из 5 · Зад машины
2 passengers · to the Airport · 10-AB-123,2 sərnişin · Hava limanına · 10-AB-123,2 пассажира · в аэропорт · 10-AB-123
2 people · to Beach Club · pickup at your pin,2 nəfər · Beach Club-a · pin olan yerdən,2 человека · в Beach Club · посадка у метки
2 seats,2 yer,2 места
2 seats left,2 yer qalıb,Осталось 2 места
2 seats · 64% · 5 min walk,2 yer · 64% · 5 dəq piyada,2 места · 64% · 5 мин пешком
2 seats × ₼30,2 yer × ₼30,2 места × ₼30
"2,000 minutes","2,000 dəqiqə","2,000 минут"
20 Sep · 09:00 · 2 seats,20 sen · 09:00 · 2 yer,20 сен · 09:00 · 2 места
200 minutes,200 dəqiqə,200 минут
212 of 600 min,600 dəq-dən 212,212 из 600 мин
212 of 600 min used,600 dəq-dən 212 istifadə olunub,Использовано 212 из 600 мин
22 Sep 10:00 → 23 Sep 10:00,22 sen 10:00 → 23 sen 10:00,22 сен 10:00 → 23 сен 10:00
"22–23 Sep · Pickup in Sahil, Baku","22–23 sen · Götürmə: Sahil, Bakı","22–23 сен · Получение: Сахил, Баку"
23 Sep 2026 at 09:39,"23 sen 2026, 09:39","23 сен 2026, 09:39"
24 Sep · 10:00,24 sen · 10:00,24 сен · 10:00
"24 Sep, 10:00 → 26 Sep, 10:00","24 sen, 10:00 → 26 sen, 10:00","24 сен, 10:00 → 26 сен, 10:00"
24 km,24 km,24 км
24–26 Sep · you earn ₼216,24–26 sen · qazancınız ₼216,24–26 сен · вы заработаете ₼216
24–26 booked by Aysel · tap days to block,24–26 Aysel sifariş edib · bağlamaq üçün günə toxunun,"24–26 забронировала Айсель · нажмите дни, чтобы закрыть"
"26 Sep, 10:00 · Baku, Sahil","26 sen, 10:00 · Bakı, Sahil","26 сен, 10:00 · Баку, Сахил"
27 Sep 2026 · 10:00,27 sen 2026 · 10:00,27 сен 2026 · 10:00
27 Sep · 10:00 · Mercedes-AMG GT,27 sen · 10:00 · Mercedes-AMG GT,27 сен · 10:00 · Mercedes-AMG GT
27 Sep · 10:00 · ₼35,27 sen · 10:00 · ₼35,27 сен · 10:00 · ₼35
28 Aug,28 avq,28 авг
28–29 Sep · 1 day,28–29 sen · 1 gün,28–29 сен · 1 сутки
29–30 Sep · Nizami St.,29–30 sen · Nizami küç.,29–30 сен · ул. Низами
2nd time ₼10 · 3rd time ₼25 · after that the account is paused.,2-ci dəfə ₼10 · 3-cü dəfə ₼25 · sonra hesab dayandırılır.,2-й раз ₼10 · 3-й раз ₼25 · затем аккаунт приостанавливается.
3 of 5 · Front side,3 / 5 · Ön tərəf,3 из 5 · Лицевая сторона
3 of 5 · Left side,3 / 5 · Sol tərəf,3 из 5 · Левая сторона
3 seats,3 yer,3 места
3 seats left,3 yer qalıb,Осталось 3 места
"3,000 minutes","3,000 dəqiqə","3,000 минут"
30 minutes,30 dəqiqə,30 минут
300 km / day,300 km / gün,300 км / сутки
300 km / day included,300 km / gün daxildir,300 км / сутки включено
300 minutes,300 dəqiqə,300 минут
32 min,32 dəq,32 мин
4 min walk · 410 km,4 dəq piyada · 410 km,4 мин пешком · 410 км
4 of 5 · Back side,4 / 5 · Arxa tərəf,4 из 5 · Оборотная сторона
4 of 5 · Right side,4 / 5 · Sağ tərəf,4 из 5 · Правая сторона
4 seats,4 yer,4 места
4 seats · 92% · 2 min walk,4 yer · 92% · 2 dəq piyada,4 места · 92% · 2 мин пешком
400 minutes,400 dəqiqə,400 минут
"42,000 km","42,000 km","42,000 км"
5 cars in Baku,Bakıda 5 avtomobil,5 машин в Баку
5 min ago,5 dəq əvvəl,5 мин назад
5 of 5 · ID next to your face,5 / 5 · Şəxsiyyət vəsiqəsi üzünüzün yanında,5 из 5 · Удостоверение рядом с лицом
5 of 5 · Selfie,5 / 5 · Selfi,5 из 5 · Селфи
5 of 6 · Inside the car,5 / 6 · Salon,5 из 6 · Салон
"5,000 minutes","5,000 dəqiqə","5,000 минут"
6 of 6 · Parking sign,6 / 6 · Parkinq nişanı,6 из 6 · Знак парковки
6 seats · 78% · 4 min walk,6 yer · 78% · 4 dəq piyada,6 мест · 78% · 4 мин пешком
6-digit code,6 rəqəmli kod,Код из 6 цифр
60 min,60 dəq,60 мин
60 minutes,60 dəqiqə,60 минут
600 minutes,600 dəqiqə,600 минут
7 characters,7 simvol,7 символов
8 Sep,8 sen,8 сен
80 km over 600 km · ₼28 added to Aysel,600 km-dən 80 km artıq · Aysel-ə ₼28 əlavə olundu,80 км сверх 600 км · Айсель начислено ₼28
A Rentbutik driver picks you up in an EV.,Rentbutik sürücüsü sizi elektromobillə götürür.,Водитель Rentbutik заберёт вас на электромобиле.
ACCOUNT ADMIN,HESAB ADMİNİ,АДМИНИСТРАТОР
Accept passenger,Sərnişini qəbul et,Принять пассажира
Accept request,Sorğunu qəbul et,Принять заявку
Accepted by the Golf team,Golf komandası qəbul etdi,Команда гольфа приняла
Accepted · Rashad ★ 4.9,Qəbul edildi · Rəşad ★ 4.9,Принято · Рашад ★ 4.9
Account,Hesab,Аккаунт
Add,Əlavə et,Добавить
Add 1 hour · ₼15,1 saat əlavə et · ₼15,Добавить 1 час · ₼15
Add 1 to 5 photos. The first one is the cover.,1–5 foto əlavə edin. Birincisi üz qabığı olur.,Добавьте от 1 до 5 фото. Первое станет обложкой.
Add 2 hours,2 saat əlavə et,Добавить 2 часа
Add a car,Avtomobil əlavə et,Добавить машину
Add a new card,Yeni kart əlavə et,Добавить новую карту
Add a place,Məkan əlavə et,Добавить место
Add a promo code,Promokod əlavə et,Добавить промокод
Add an hour,Bir saat əlavə et,Добавить час
Add card,Kart əlavə et,Добавить карту
Add money,Pul əlavə et,Пополнить
Add photos,Foto əlavə et,Добавить фото
Add ₼50,₼50 əlavə et,Пополнить на ₼50
Added ✓,Əlavə olundu ✓,Добавлено ✓
Address,Ünvan,Адрес
Admin,Admin,Админ
Air conditioning,Kondisioner,Кондиционер
Airport,Hava limanı,Аэропорт
Airport drop-off,Hava limanında düşürmə,Высадка в аэропорту
Airport pick-up,Hava limanından götürmə,Встреча в аэропорту
Airport · Terminal 1,Hava limanı · Terminal 1,Аэропорт · Терминал 1
Airport → Baku,Hava limanı → Bakı,Аэропорт → Баку
All,Hamısı,Все
Allow camera access in Settings to take the car photos.,Avtomobilin fotolarını çəkmək üçün Ayarlarda kameraya icazə verin.,"Разрешите доступ к камере в Настройках, чтобы сфотографировать машину."
Already have an account?,Artıq hesabınız var?,Уже есть аккаунт?
Any,İstənilən,Любой
Any deposit update will appear in Wallet and your trip record.,Depozitlə bağlı yeniliklər Pul kisəsində və səfər qeydində görünəcək.,Изменения по депозиту появятся в Кошельке и в записи поездки.
Appeal with a photo,Fotoyla etiraz et,Обжаловать с фото
Appearance,Görünüş,Оформление
Applied automatically · any module,Avtomatik tətbiq olunur · istənilən modul,Применяется автоматически · любой раздел
Apply,Tətbiq et,Применить
Arrive around 10:45,Təxminən 10:45-də çatacaqsınız,Прибытие около 10:45
As on your ID card,Şəxsiyyət vəsiqəsindəki kimi,Как в удостоверении
As registered,Qeydiyyatdakı kimi,Как в регистрации
Audio input,Audio giriş,Аудиовход
Automatic,Avtomat,Автомат
"Availability, price and details","Mövcudluq, qiymət və detallar","Доступность, цена и детали"
Available from,Mövcuddur,Доступна с
Available in Sea Breeze,Sea Breeze-də mövcuddur,Доступно в Sea Breeze
Aysel M.,Aysel M.,Айсель М.
Aysel sent a request,Aysel sorğu göndərdi,Айсель отправила заявку
Aysel wants to book your car,Aysel avtomobilinizi sifariş etmək istəyir,Айсель хочет забронировать вашу машину
Aysel wants to ride with you,Aysel sizinlə getmək istəyir,Айсель хочет поехать с вами
Aysel · BMW X5 M-Sport,Aysel · BMW X5 M-Sport,Айсель · BMW X5 M-Sport
Aysel · Mercedes-AMG GT,Aysel · Mercedes-AMG GT,Айсель · Mercedes-AMG GT
Azerbaijan,Azərbaycan,Азербайджан
Azərbaycan,Azərbaycan,Azərbaycan
BOOKING,SİFARİŞ,БРОНИРОВАНИЕ
Back to vehicle,Avtomobilə qayıt,Назад к машине
Baku · Sahil,Bakı · Sahil,Баку · Сахил
Baku → Airport,Bakı → Hava limanı,Баку → Аэропорт
Baku → Qabala · day tour,Bakı → Qəbələ · günlük tur,Баку → Габала · тур на день
Baku → Qabala → Baku,Bakı → Qəbələ → Bakı,Баку → Габала → Баку
Baku → Sheki,Bakı → Şəki,Баку → Шеки
"Basic cover · ₼100 deposit, refunded","Əsas sığorta · ₼100 depozit, qaytarılır","Базовая защита · депозит ₼100, возвращается"
Block,Blokla,Заблокировать
Block Hasan,Həsəni blokla,Заблокировать Гасана
Block Hasan?,Həsən bloklansın?,Заблокировать Гасана?
Blocked dates,Bağlı tarixlər,Закрытые даты
Bluetooth audio,Bluetooth audio,Bluetooth-аудио
Body type,Kuza növü,Тип кузова
"Book a car and it appears here — with your dates, your host and your keys.","Avtomobil sifariş edin, burada görünəcək — tarixlər, sahibkar və açarlarla.","Забронируйте машину — она появится здесь с датами, владельцем и ключами."
Book a ride,Gediş sifariş et,Заказать поездку
Book a seat,Yer sifariş et,Забронировать место
Book instantly,Dərhal sifariş,Мгновенное бронирование
Book · ₼16,Sifariş et · ₼16,Забронировать · ₼16
Booked,Sifariş edildi,Забронировано
Booking accepted,Sifariş qəbul edildi,Бронь принята
Booking request,Sifariş sorğusu,Заявка на бронь
Booking update,Sifariş yeniliyi,Обновление брони
By continuing you accept the Terms of service and Privacy policy.,Davam etməklə İstifadə şərtlərini və Məxfilik siyasətini qəbul edirsiniz.,"Продолжая, вы принимаете Условия использования и Политику конфиденциальности."
By request,Sorğu ilə,По запросу
"By the minute, 
hour or day","Dəqiqəlik, 
saatlıq və ya günlük","Поминутно, 
почасово или посуточно"
CAR DETAILS,AVTOMOBİL MƏLUMATLARI,ДАННЫЕ МАШИНЫ
CAR LOCATION,AVTOMOBİLİN YERİ,МЕСТО МАШИНЫ
CAR PHOTOS,AVTOMOBİLİN FOTOLARI,ФОТО МАШИНЫ
Camera access is off,Kameraya giriş bağlıdır,Доступ к камере выключен
Can I collect at 10:00?,10:00-da götürə bilərəm?,Можно забрать в 10:00?
Cancel,Ləğv et,Отмена
Cancel booking,Sifarişi ləğv et,Отменить бронь
Cancel plan,Planı ləğv et,Отменить план
Cancel request,Sorğunu ləğv et,Отменить заявку
Cancel reservation,Rezervi ləğv et,Отменить резерв
Cancel the Ford Mustang GT booking?,Ford Mustang GT sifarişi ləğv edilsin?,Отменить бронь Ford Mustang GT?
Cancel this reservation?,Bu rezerv ləğv edilsin?,Отменить этот резерв?
Cancellation,Ləğvetmə,Отмена
Cancelled,Ləğv edildi,Отменено
Car,Avtomobil,Машина
Car & driver,Avtomobil və sürücü,Машина и водитель
Car check,Avtomobil yoxlaması,Проверка машины
Car is back,Avtomobil qaytarıldı,Машина вернулась
Car locked,Avtomobil bağlıdır,Машина закрыта
Car type,Avtomobil növü,Тип машины
Card number,Kart nömrəsi,Номер карты
Cards,Kartlar,Карты
Cars near you,Yaxınlıqdakı avtomobillər,Машины рядом
Cash top-up at a Million terminal,Million terminalında nağd artırma,Пополнение наличными в терминале Million
Chats,Söhbətlər,Чаты
Chauffeur,Şofer,Шофёр
"Check the car together, then close the trip.","Avtomobili birlikdə yoxlayın, sonra səfəri bağlayın.","Проверьте машину вместе, затем закройте поездку."
Checked with renter,İcarəçi ilə yoxlanıldı,Проверено с арендатором
Checking your documents,Sənədləriniz yoxlanılır,Проверяем документы
Checkout,Ödəniş,Оформление
Choose how you will use Rentbutik.,Rentbutik-dən necə istifadə edəcəyinizi seçin.,"Выберите, как вы будете пользоваться Rentbutik."
"City, airport or address","Şəhər, hava limanı və ya ünvan","Город, аэропорт или адрес"
Close trip,Səfəri bağla,Закрыть поездку
Code,Kod,Код
Collected at,Götürülüb,Получено
Collision & theft,Qəza və oğurluq,ДТП и угон
Company,Şirkət,Компания
Company account,Şirkət hesabı,Аккаунт компании
Company card,Şirkət kartı,Карта компании
Company name,Şirkətin adı,Название компании
Company rides go on one monthly invoice.,Şirkət gedişləri bir aylıq hesab-fakturaya düşür.,Поездки компании идут в один счёт за месяц.
Completed,Tamamlandı,Завершено
Confirm & pay ₼499,Təsdiqlə və ödə ₼499,Подтвердить и оплатить ₼499
Confirm handoff & start rental,Təhvili təsdiqlə və icarəni başlat,Подтвердить передачу и начать аренду
Confirm the condition together before handing over the keys.,Açarları verməzdən əvvəl vəziyyəti birlikdə təsdiqləyin.,Подтвердите состояние вместе до передачи ключей.
Continue,Davam et,Продолжить
Continue to your transfer,Transferə davam et,Перейти к трансферу
Continue to your trip,Səfərə davam et,Перейти к поездке
Continue with MyGov,MyGov ilə davam et,Продолжить с MyGov
Convertible,Kabriolet,Кабриолет
Copy,Kopyala,Копировать
Country,Ölkə,Страна
Coupe,Kupe,Купе
Cover,Üz qabığı,Обложка
Credit is used first on your next trip.,Kredit növbəti səfərdə ilk istifadə olunur.,Кредит спишется первым в следующей поездке.
Current trip,Cari səfər,Текущая поездка
DESCRIPTION,TƏSVİR,ОПИСАНИЕ
Daily,Günlük,Посуточно
Daily price,Günlük qiymət,Цена за сутки
Damage excess and exclusions: ask Hasan before pickup,Zərər franşizası və istisnalar: götürməzdən əvvəl Həsəndən soruşun,Франшиза и исключения: уточните у Гасана до получения
Dark,Tünd,Тёмное
Date,Tarix,Дата
Date of birth,Doğum tarixi,Дата рождения
Dates,Tarixlər,Даты
Decline,İmtina et,Отклонить
Decline Aysel’s request?,Aysel-in sorğusu rədd edilsin?,Отклонить заявку Айсель?
Decline request,Sorğunu rədd et,Отклонить заявку
Declined,Rədd edildi,Отклонено
Decorations,Bəzək,Украшения
Default · expires 08/29,Əsas · bitir 08/29,Основная · до 08/29
Default · one invoice a month,Əsas · ayda bir hesab-faktura,Основной · один счёт в месяц
Delete,Sil,Удалить
Delete account,Hesabı sil,Удалить аккаунт
Delete your account?,Hesabınız silinsin?,Удалить аккаунт?
Deleting your account is permanent. Finish active trips and settle payments first.,Hesabın silinməsi geri qaytarılmır. Əvvəlcə aktiv səfərləri bitirin və ödənişləri tamamlayın.,Удаление аккаунта необратимо. Сначала завершите поездки и оплатите счета.
Deliver the car to me,Avtomobili mənə gətirin,Доставьте машину ко мне
Deliver to,Hara gətirilsin,Куда доставить
Deliver to me · ₼5,Mənə gətir · ₼5,Доставка ко мне · ₼5
Departure,Yola düşmə,Отправление
Deposit,Depozit,Депозит
Deposit back,Depozit qaytarılır,Депозит вернётся
Deposit included,Depozit daxildir,Депозит включён
Destination,Təyinat,Куда
Details,Ətraflı,Подробнее
Directions,Marşrut,Маршрут
Discount,Endirim,Скидка
Distance,Məsafə,Расстояние
Done,Hazır,Готово
Doors,Qapılar,Двери
Drive on your schedule,Öz qrafikinizlə sürün,Возите по своему графику
Driver,Sürücü,Водитель
Driver · 128 rides,Sürücü · 128 gediş,Водитель · 128 поездок
Driving licence,Sürücülük vəsiqəsi,Водительские права
Driving licence · back,Sürücülük vəsiqəsi · arxa,Права · оборот
Driving licence · front,Sürücülük vəsiqəsi · ön,Права · лицевая
Driving licence ✓ (from sign-in),Sürücülük vəsiqəsi ✓ (girişdən),Права ✓ (из входа)
Drop-off,Düşürmə,Высадка
"Drop-off · Heydar Aliyev Airport, Terminal 1","Düşürmə · Heydər Əliyev Hava Limanı, Terminal 1","Высадка · Аэропорт Гейдар Алиев, Терминал 1"
Due 5 Oct · 14 rides · 3 people,Son tarix 5 okt · 14 gediş · 3 nəfər,Оплатить до 5 окт · 14 поездок · 3 человека
Duration,Müddət,Длительность
EV 3 · Rashad · to the Airport · ₼35,EV 3 · Rəşad · Hava limanına · ₼35,EV 3 · Рашад · в аэропорт · ₼35
EV plan,EV planı,EV-план
EV plan · −30 %,EV planı · −30 %,EV-план · −30 %
EV plan · −52 %,EV planı · −52 %,EV-план · −52 %
EV ride,EV gedişi,Поездка на EV
EXTRAS YOU OFFER,TƏKLİF ETDİYİNİZ ƏLAVƏLƏR,ВАШИ ДОПОЛНЕНИЯ
Earlier,Daha əvvəl,Ранее
Earn with your car,Avtomobilinizlə qazanın,Зарабатывайте на машине
Earnings · September,Qazanc · sentyabr,Доход · сентябрь
Edit,Redaktə et,Изменить
Electric car,Elektromobil,Электромобиль
Electric car with a driver,Sürücülü elektromobil,Электромобиль с водителем
"Electric ride completed
Rentbutik EV 6 · 60 min · ₼16","Elektromobil gedişi bitdi
Rentbutik EV 6 · 60 dəq · ₼16","Поездка на электромобиле завершена
Rentbutik EV 6 · 60 мин · ₼16"
Elvin · Baku,Elvin · Bakı,Эльвин · Баку
Elvin · Lamborghini Aventador · on request,Elvin · Lamborghini Aventador · sorğu ilə,Эльвин · Lamborghini Aventador · по запросу
Email,E-poçt,Эл. почта
Email us,Bizə yazın,Написать нам
Emin,Emin,Эмин
Emin (you),Emin (siz),Эмин (вы)
End trip,Səfəri bitir,Завершить
English,English,English
"Estimated earnings: about ₼1,890 a month at 4 booked days a week, after the service fee.","Təxmini qazanc: həftədə 4 sifarişli gün ilə ayda təxminən ₼1,890, xidmət haqqı çıxılmaqla.","Примерный доход: около ₼1,890 в месяц при 4 днях брони в неделю, после комиссии."
Everyone books on the company account within their monthly limit. Tap a person to change the limit or remove them.,Hər kəs aylıq limiti daxilində şirkət hesabı ilə sifariş edir. Limiti dəyişmək və ya silmək üçün şəxsə toxunun.,"Все бронируют на аккаунт компании в пределах месячного лимита. Нажмите на человека, чтобы изменить лимит или удалить."
Expires 03/28,Bitir 03/28,До 03/28
Expires 08/29,Bitir 08/29,До 08/29
Expiry,Bitmə tarixi,Срок действия
Extend,Uzat,Продлить
Extend rental,İcarəni uzat,Продлить аренду
Extend · ₼38,Uzat · ₼38,Продлить · ₼38
Extended to 18:00 · ₼38 added,18:00-a qədər uzadıldı · ₼38 əlavə olundu,Продлено до 18:00 · добавлено ₼38
Extra distance,Əlavə məsafə,Доп. пробег
Extras,Əlavələr,Дополнения
FEATURES,XÜSUSİYYƏTLƏR,ОСОБЕННОСТИ
FIN code,FİN kod,ФИН-код
Face ID,Face ID,Face ID
Features,Xüsusiyyətlər,Особенности
Filters,Filtrlər,Фильтры
Find a car,Avtomobil tap,Найти машину
Find another car,Başqa avtomobil tap,Найти другую машину
Fire extinguisher,Yanğınsöndürən,Огнетушитель
First aid kit,İlk yardım dəsti,Аптечка
First ride ₼5 off,İlk gediş ₼5 endirimlə,Первая поездка −₼5
"Flexible cancellation: free until 2 h before. Paid after the ride — Wallet first, then your card.","Çevik ləğv: 2 saat qalana qədər pulsuz. Gedişdən sonra ödənilir — əvvəl Pul kisəsi, sonra kart.","Гибкая отмена: бесплатно за 2 ч до поездки. Оплата после поездки — сначала Кошелёк, затем карта."
Flexible · free until 2 h before,Çevik · 2 saat qalana qədər pulsuz,Гибкая · бесплатно за 2 ч
For 30 days,30 gün üçün,На 30 дней
For 365 days,365 gün üçün,На 365 дней
For 7 days,7 gün üçün,На 7 дней
Friends get ₼10 off their first trip. You get ₼10 in your Wallet when it ends.,Dostlarınız ilk səfərdə ₼10 endirim alır. Səfər bitəndə Pul kisənizə ₼10 düşür.,Друзья получают −₼10 на первую поездку. Вы получите ₼10 в Кошелёк после её окончания.
Friends joined,Qoşulan dostlar,Присоединились друзья
Front,Ön,Перед
Front of the car,Avtomobilin önü,Перед машины
Front of the cart,Karın önü,Перед карта
Fuel,Yanacaq,Топливо
Fuel level · odometer,Yanacaq · yürüş,Топливо · пробег
Fuel type,Yanacaq növü,Тип топлива
Full name,Ad və soyad,Имя и фамилия
Full tank,Dolu bak,Полный бак
"Full · 24,180 km","Dolu · 24,180 km","Полный · 24,180 км"
"Full · 31,860 km · 680 km driven","Dolu · 31,860 km · 680 km sürülüb","Полный · 31,860 км · проехано 680 км"
GPS,GPS,GPS
Get notified,Xəbər al,Уведомить меня
Get the code on WhatsApp instead,Kodu WhatsApp-da al,Получить код в WhatsApp
Get ₼10 each,Hərəyə ₼10,По ₼10 каждому
Gobustan & mud volcanoes,Qobustan və palçıq vulkanları,Гобустан и грязевые вулканы
Gobustan tour,Qobustan turu,Тур в Гобустан
Golf cart,Qolf karı,Гольф-кар
Golf cart 2,Qolf karı 2,Гольф-кар 2
Golf cart 4,Qolf karı 4,Гольф-кар 4
Golf cart 4 becomes available to other guests. The ₼100 deposit is released.,Qolf karı 4 digər qonaqlar üçün açılır. ₼100 depozit azad edilir.,Гольф-кар 4 станет доступен другим гостям. Депозит ₼100 будет разблокирован.
Golf cart 4 · Sea Breeze · 2 hours,Qolf karı 4 · Sea Breeze · 2 saat,Гольф-кар 4 · Sea Breeze · 2 часа
Golf cart 6,Qolf karı 6,Гольф-кар 6
Golf cart 6 · arrives in about 5 min,Qolf karı 6 · təxminən 5 dəq-yə çatır,Гольф-кар 6 · прибудет примерно через 5 мин
Golf cart with a driver,Sürücülü qolf karı,Гольф-кар с водителем
"Golf ride completed
Golf cart 4 · 2 hours · ₼32","Qolf gedişi bitdi
Qolf karı 4 · 2 saat · ₼32","Поездка на гольф-каре завершена
Гольф-кар 4 · 2 часа · ₼32"
HN,HN,ГН
Handoff,Təhvil,Передача
Hasan,Həsən,Гасан
Hasan Nabiyev,Həsən Nəbiyev,Гасан Набиев
Hasan confirms within 30 min. Free cancellation until 16:00.,Həsən 30 dəq ərzində təsdiqləyir. 16:00-a qədər pulsuz ləğv.,Гасан подтвердит в течение 30 мин. Бесплатная отмена до 16:00.
"Hasan sent you a message
“The Mercedes is ready for your trip.”","Həsən sizə mesaj göndərdi
“Mercedes səfərinizə hazırdır.”","Гасан прислал сообщение
«Mercedes готов к поездке.»"
Hasan · AMG GT · checked ✓,Həsən · AMG GT · yoxlanılıb ✓,Гасан · AMG GT · проверено ✓
Hasan · Baku,Həsən · Bakı,Гасан · Баку
Hasan · Mercedes-AMG GT · today 18:00,Həsən · Mercedes-AMG GT · bu gün 18:00,Гасан · Mercedes-AMG GT · сегодня 18:00
Hasan · Today 18:00 · 35 min,Həsən · Bu gün 18:00 · 35 dəq,Гасан · Сегодня 18:00 · 35 мин
Hasan · ★ 4.9,Həsən · ★ 4.9,Гасан · ★ 4.9
Hatchback,Hetçbek,Хэтчбек
Held for you for 30 minutes while we check your documents.,Sənədlərinizi yoxlayarkən 30 dəqiqə sizin üçün saxlanılır.,"Держим для вас 30 минут, пока проверяем документы."
Held for you · 14:59,Sizin üçün saxlanılır · 14:59,Держим для вас · 14:59
Help,Kömək,Помощь
Help with my trip,Səfərimlə bağlı kömək,Помощь с поездкой
Heydar Aliyev Airport,Heydər Əliyev Hava Limanı,Аэропорт Гейдар Алиев
Heydar Aliyev Airport · Terminal 1,Heydər Əliyev Hava Limanı · Terminal 1,Аэропорт Гейдар Алиев · Терминал 1
"Heydar Aliyev, T1","Heydər Əliyev, T1","Гейдар Алиев, T1"
"Hi Emin, how can we help with your trip?","Salam, Emin! Səfərinizlə bağlı necə kömək edək?","Здравствуйте, Эмин! Чем помочь с поездкой?"
Hi! The car is available. We can arrange a time to meet at the pickup point.,Salam! Avtomobil boşdur. Götürmə yerində görüş vaxtını razılaşdıra bilərik.,Здравствуйте! Машина свободна. Можем договориться о встрече в месте получения.
"Hi, is 10:00 a good time to collect the car?","Salam, avtomobili 10:00-da götürmək olar?","Здравствуйте, удобно забрать машину в 10:00?"
History,Tarixçə,История
Hold steady to unlock,Açmaq üçün sabit tutun,"Держите ровно, чтобы открыть"
Hold still — we capture automatically when it is sharp.,Tərpənməyin — şəkil aydın olanda avtomatik çəkirik.,"Не двигайтесь — снимем автоматически, когда будет резко."
Hold the phone at eye level and look at the camera.,Telefonu göz səviyyəsində tutun və kameraya baxın.,Держите телефон на уровне глаз и смотрите в камеру.
Home,Ana səhifə,Главная
Home · Nizami St. 12,Ev · Nizami küç. 12,Дом · ул. Низами 12
Host,Sahibkar,Владелец
Host service fee,Sahibkar xidmət haqqı,Комиссия владельца
Host · Instant Book,Sahibkar · Dərhal sifariş,Владелец · Мгновенная бронь
Host · usually replies in 10 min,Sahibkar · adətən 10 dəq-yə cavab verir,Владелец · обычно отвечает за 10 мин
Hosting,Sahibkarlıq,Сдача в аренду
Hourly,Saatlıq,Почасово
How can we help with your trip?,Səfərinizlə bağlı necə kömək edək?,Чем помочь с поездкой?
How will you rent?,Necə icarə edəcəksiniz?,Как вы будете арендовать?
"I confirm this car has never been written off, rebuilt or sold for scrap.","Təsdiq edirəm ki, bu avtomobil heç vaxt silinməyib, bərpa olunmayıb və hurdaya satılmayıb.","Подтверждаю, что машина не списывалась, не восстанавливалась и не продавалась на лом."
I understand,Başa düşdüm,Понятно
ID card,Şəxsiyyət vəsiqəsi,Удостоверение
ID card · back,Şəxsiyyət vəsiqəsi · arxa,Удостоверение · оборот
ID card · front,Şəxsiyyət vəsiqəsi · ön,Удостоверение · лицевая
Identity & licence,Şəxsiyyət və vəsiqə,Личность и права
Included distance,Daxil olan məsafə,Включённый пробег
Inside,Salon,Салон
Inside the car,Salon,Салон
Instant Book,Dərhal sifariş,Мгновенная бронь
Instant Book: renters book right away. Turn it off to approve each request yourself.,Dərhal sifariş: icarəçilər dərhal sifariş edir. Hər sorğunu özünüz təsdiqləmək üçün söndürün.,"Мгновенная бронь: арендаторы бронируют сразу. Выключите, чтобы одобрять каждую заявку самостоятельно."
Insurance & fines,Sığorta və cərimələr,Страховка и штрафы
Insurance (OSAGO),Sığorta (İCBS),Страховка (ОСАГО)
Invite a colleague,Həmkar dəvət et,Пригласить коллегу
Invite friends,Dostları dəvət et,Пригласить друзей
Invoice e-mail,Hesab-faktura e-poçtu,Почта для счетов
Invoice · August,Hesab-faktura · avqust,Счёт · август
Invoice · September,Hesab-faktura · sentyabr,Счёт · сентябрь
Invoices,Hesab-fakturalar,Счета
Invoices with VÖEN,VÖEN ilə hesab-faktura,Счета с VÖEN
I’ll wait near the arrivals exit.,Gəliş çıxışının yanında gözləyəcəyəm.,Буду ждать у выхода прилёта.
Just for me,Yalnız özüm üçün,Только для себя
Keep booking,Sifarişi saxla,Оставить бронь
Keep request,Sorğunu saxla,Оставить заявку
Keep reservation,Rezervi saxla,Оставить резерв
Keep the whole front of the car in the frame.,Avtomobilin bütün önü kadrda olsun.,Держите весь перед машины в кадре.
Keep the whole front of the cart in the frame.,Karın bütün önü kadrda olsun.,Держите весь перед карта в кадре.
Keep the whole rear of the car in the frame.,Avtomobilin bütün arxası kadrda olsun.,Держите весь зад машины в кадре.
Language,Dil,Язык
Left,Sol,Слева
Left side,Sol tərəf,Левая сторона
Leyla usually replies within 24 h. You’re charged only if she accepts.,Leyla adətən 24 saat ərzində cavab verir. Ödəniş yalnız o qəbul etsə alınır.,Лейла обычно отвечает в течение 24 ч. Оплата — только если она примет.
Leyla · Baku,Leyla · Bakı,Лейла · Баку
Leyla · McLaren 650S · Sat 10:00,Leyla · McLaren 650S · Şn 10:00,Лейла · McLaren 650S · Сб 10:00
Licence photo is blurry,Vəsiqənin fotosu bulanıqdır,Фото прав размыто
Light,Açıq,Светлое
List your car,Avtomobilinizi yerləşdirin,Разместить машину
Live offer · 1 seat · ₼35,Aktiv təklif · 1 yer · ₼35,Активно · 1 место · ₼35
Live · ₼120 / day,Aktiv · ₼120 / gün,Активно · ₼120 / сутки
Location is off,Məkan bağlıdır,Геолокация выключена
Locked,Bağlı,Закрыто
MM/YY,AA/İİ,ММ/ГГ
Make,Marka,Марка
Manage your offers and passenger requests.,Təkliflərinizi və sərnişin sorğularını idarə edin.,Управляйте предложениями и заявками пассажиров.
Mastercard •••• 0780,Mastercard •••• 0780,Mastercard •••• 0780
Meet Hasan Nabiyev to collect the keys.,Açarları götürmək üçün Həsən Nəbiyevlə görüşün.,"Встретьтесь с Гасаном Набиевым, чтобы забрать ключи."
Meet at,Görüş yeri,Место встречи
Mercedes-AMG GT · 22–23 Sep,Mercedes-AMG GT · 22–23 sen,Mercedes-AMG GT · 22–23 сен
Message,Mesaj,Написать
Message Aysel,Aysel-ə yaz,Написать Айсель
Message support,Dəstəyə yaz,Написать в поддержку
Mileage,Yürüş,Пробег
Minutes reset on the 24th. Unused minutes don’t roll over.,Dəqiqələr ayın 24-də yenilənir. İstifadə olunmayan dəqiqələr keçmir.,Минуты обновляются 24-го числа. Неиспользованные не переносятся.
Missing an AzParking sign photo: ₼20. Traffic and parking fines are charged at cost.,AzParking nişanının fotosu yoxdursa: ₼20. Yol və parkinq cərimələri faktiki məbləğlə alınır.,Нет фото знака AzParking: ₼20. Штрафы ПДД и за парковку — по факту.
Mobile wallet · top-ups,Mobil pul kisəsi · artırma,Мобильный кошелёк · пополнение
Model,Model,Модель
Mon 28 · 10:00,B.e. 28 · 10:00,Пн 28 · 10:00
Monthly,Aylıq,Месяц
Monthly · on the 5th,Aylıq · ayın 5-də,Ежемесячно · 5-го числа
Monthly · until 24 Oct,Aylıq · 24 okt-a qədər,Месяц · до 24 окт
"Move inside the service area and park in a permitted space, then end the ride.","Xidmət zonasına keçin, icazəli yerdə park edin, sonra gedişi bitirin.","Заедьте в зону обслуживания, припаркуйтесь в разрешённом месте и завершите поездку."
Move the map so the pin sits exactly where the car is parked. Renters see the pin only after booking.,"Xəritəni elə sürüşdürün ki, pin avtomobilin park yerində olsun. İcarəçilər pini yalnız sifarişdən sonra görür.","Сдвиньте карту, чтобы метка стояла точно на месте парковки. Арендаторы увидят её только после брони."
MyGov didn’t finish,MyGov tamamlanmadı,MyGov не завершён
NA,NƏ,НА
NOTE,QEYD,ПРИМЕЧАНИЕ
Name,Ad,Имя
Need help? Message Support,Kömək lazımdır? Dəstəyə yazın,Нужна помощь? Напишите в поддержку
Needed before your first trip. MyGov does it in one tap.,İlk səfərdən əvvəl lazımdır. MyGov bunu bir toxunuşla edir.,Нужно до первой поездки. MyGov сделает это в одно касание.
Needs you,Diqqət tələb edir,Требует внимания
"Neftchilar Ave 12, Sahil","Neftçilər pr. 12, Sahil","пр. Нефтчиляр 12, Сахил"
New booking request,Yeni sifariş sorğusu,Новая заявка на бронь
New end time · 15:30,Yeni bitmə vaxtı · 15:30,Новое время окончания · 15:30
New return time · 18:00,Yeni qaytarma vaxtı · 18:00,Новое время возврата · 18:00
New total ₼76,Yeni cəm ₼76,Новый итог ₼76
Newest first,Əvvəlcə yenilər,Сначала новые
News,Xəbərlər,Новости
Next times,Növbəti hallar,В следующие разы
Nigar Aliyeva,Nigar Əliyeva,Нигяр Алиева
Nigar · Baku,Nigar · Bakı,Нигяр · Баку
Nigar · Ford Mustang GT,Nigar · Ford Mustang GT,Нигяр · Ford Mustang GT
Nigar · Ford Mustang GT · Sat 09:00,Nigar · Ford Mustang GT · Şn 09:00,Нигяр · Ford Mustang GT · Сб 09:00
Nizami Aliyev,Nizami Əliyev,Низами Алиев
Nizami St. 12,Nizami küç. 12,ул. Низами 12
No QR code? Type the 6-character code under it.,QR kod yoxdur? Altındakı 6 simvollu kodu yazın.,Нет QR-кода? Введите 6-значный код под ним.
No SUVs free on 28–29 Sep,28–29 sen üçün boş SUV yoxdur,Нет свободных SUV на 28–29 сен
No cars match these filters,Bu filtrlərə uyğun avtomobil yoxdur,Нет машин по этим фильтрам
"No cars yet? This card shows what a car like yours could earn: about ₼440 a week, ₼1,890 a month.","Hələ avtomobil yoxdur? Bu kart sizinki kimi avtomobilin nə qazana biləcəyini göstərir: həftədə təxminən ₼440, ayda ₼1,890.","Пока нет машин? Эта карточка показывает доход похожей машины: около ₼440 в неделю, ₼1,890 в месяц."
No charge,Ödəniş yoxdur,Без оплаты
No connection,Bağlantı yoxdur,Нет соединения
No free cars within 1 km,1 km radiusda boş avtomobil yoxdur,Нет свободных машин в радиусе 1 км
No matches,Nəticə yoxdur,Ничего не найдено
No rides Baku → Lankaran on Sat,Şənbə Bakı → Lənkəran gedişi yoxdur,Нет поездок Баку → Ленкорань в субботу
No rides match your filters,Filtrlərinizə uyğun gediş yoxdur,Нет поездок по вашим фильтрам
No trips yet,Hələ səfər yoxdur,Поездок пока нет
None,Yoxdur,Нет
Not now,İndi yox,Не сейчас
Note from Aysel,Aysel-in qeydi,Комментарий Айсель
Notifications,Bildirişlər,Уведомления
Notify me,Mənə xəbər ver,Уведомить меня
Now · about 25 min,İndi · təxminən 25 dəq,Сейчас · около 25 мин
OK,OK,OK
On a trip with Aysel,Aysel ilə səfərdədir,В поездке с Айсель
On my way,Yoldayam,Уже еду
On the way,Yoldadır,В пути
"Once, before your first transfer","Bir dəfə, ilk transferdən əvvəl","Один раз, перед первым трансфером"
"One list for the whole app. A place saved here shows up in every place picker: EV delivery and drivers, Golf drivers, Transfer pickup and car delivery. Tap a place to use it here.","Bütün tətbiq üçün bir siyahı. Burada saxlanan məkan hər seçimdə görünür: EV çatdırılması və sürücülər, Qolf sürücüləri, Transfer götürməsi və avtomobil çatdırılması. İstifadə etmək üçün məkana toxunun.","Один список для всего приложения. Сохранённое место появится в каждом выборе: доставка EV и водители, водители гольф-каров, посадка в трансфере и доставка машины. Нажмите на место, чтобы выбрать."
Ongoing,Davam edir,Идёт
Open Settings,Ayarları aç,Открыть Настройки
Other,Digər,Другое
PAPERS,SƏNƏDLƏR,ДОКУМЕНТЫ
PHONE NUMBER,TELEFON NÖMRƏSİ,НОМЕР ТЕЛЕФОНА
PHOTOS,FOTOLAR,ФОТО
PRICE,QİYMƏT,ЦЕНА
Paid,Ödənildi,Оплачено
Paid 5 Sep · 11 rides,Ödənildi 5 sen · 11 gediş,Оплачено 5 сен · 11 поездок
Paid from Wallet. The receipt is in Trips.,Pul kisəsindən ödənildi. Qəbz Səfərlərdədir.,Оплачено из Кошелька. Чек — в Поездках.
"Paid from your Wallet, then your card. Package minutes go first; unused minutes expire at the end of the period.","Əvvəl Pul kisəsindən, sonra kartdan ödənilir. Əvvəl paket dəqiqələri gedir; istifadə olunmayanlar dövrün sonunda bitir.","Оплата с Кошелька, затем с карты. Сначала тратятся минуты пакета; неиспользованные сгорают в конце срока."
Parking & additional charges,Parkinq və əlavə ödənişlər,Парковка и доп. платежи
Parking sign,Parkinq nişanı,Знак парковки
Parking warning,Parkinq xəbərdarlığı,Предупреждение о парковке
"Parking warning · no fee this time
Rentbutik EV 6 · left outside the zone","Parkinq xəbərdarlığı · bu dəfə ödənişsiz
Rentbutik EV 6 · zonadan kənarda qalıb","Предупреждение о парковке · в этот раз без штрафа
Rentbutik EV 6 · оставлен вне зоны"
Passenger request,Sərnişin sorğusu,Заявка пассажира
Passengers,Sərnişinlər,Пассажиры
Past 2 weeks,Son 2 həftə,Последние 2 недели
Pause listing,Elanı dayandır,Приостановить
Pay with,Ödəniş üsulu,Оплата
Payment failed,Ödəniş alınmadı,Оплата не прошла
Payment methods,Ödəniş üsulları,Способы оплаты
Payment question,Ödəniş sualı,Вопрос по оплате
People,Nəfər,Человек
Personal,Şəxsi,Личный
Petrol,Benzin,Бензин
Phone,Telefon,Телефон
Photos saved · no new damage,Fotolar saxlanıldı · yeni zədə yoxdur,Фото сохранены · новых повреждений нет
Pick up at the Golf desk,Qolf masasından götürün,Получение у стойки гольфа
Pick up at the Sea Breeze Golf desk,Sea Breeze Qolf masasından götürün,Получение у стойки гольфа Sea Breeze
Pick-up,Götürmə,Получение
Pickup,Götürmə yeri,Посадка
Pickup & return,Götürmə və qaytarma,Получение и возврат
Pickup today,Bu gün təhvil,Передача сегодня
"Pickup · Baku, Sahil","Götürmə · Bakı, Sahil","Получение · Баку, Сахил"
Pickup · Nizami St. 12,Götürmə · Nizami küç. 12,Посадка · ул. Низами 12
Pinned,Bərkidilmiş,Закреплённые
Places,Məkanlar,Места
Plan,Plan,План
Plate number,Dövlət nömrəsi,Госномер
Porsche 911 GT3 RS held for you · 19:48,Porsche 911 GT3 RS sizin üçün saxlanılır · 19:48,Porsche 911 GT3 RS держим для вас · 19:48
Porsche 911 GT3 RS held for you · 22:10,Porsche 911 GT3 RS sizin üçün saxlanılır · 22:10,Porsche 911 GT3 RS держим для вас · 22:10
Porsche 911 GT3 RS held for you · 29:41,Porsche 911 GT3 RS sizin üçün saxlanılır · 29:41,Porsche 911 GT3 RS держим для вас · 29:41
Post a transfer,Transfer yerləşdir,Разместить трансфер
Post rides and tours with your car,Avtomobilinizlə gediş və turlar yerləşdirin,Размещайте поездки и туры на своей машине
Pre-trip photos,Səfərdən əvvəl fotolar,Фото до поездки
Price range,Qiymət aralığı,Диапазон цен
Price · per seat and whole car,Qiymət · yer və bütün avtomobil,Цена · за место и за машину
Price: High to Low,Qiymət: bahadan ucuza,Цена: по убыванию
Price: Low to High,Qiymət: ucuzdan bahaya,Цена: по возрастанию
Privacy policy,Məxfilik siyasəti,Политика конфиденциальности
Profile,Profil,Профиль
Promo,Promo,Промо
Publish listing,Elanı dərc et,Опубликовать
Publish transfer,Transferi dərc et,Опубликовать трансфер
Push notifications,Push bildirişlər,Push-уведомления
Push · Trip updates,Push · Səfər yenilikləri,Push · Новости поездок
QR code on the windscreen,QR kod ön şüşədədir,QR-код на лобовом стекле
Rashad can’t host on these dates. Nothing was charged.,Rəşad bu tarixlərdə verə bilmir. Heç nə tutulmayıb.,Рашад не может сдать в эти даты. Деньги не списаны.
Rashad · Baku,Rəşad · Bakı,Рашад · Баку
Rashad · Porsche 911 GT3 RS · Sun 08:00,Rəşad · Porsche 911 GT3 RS · B. 08:00,Рашад · Porsche 911 GT3 RS · Вс 08:00
Rate this rental,İcarəni qiymətləndir,Оцените аренду
Rate this trip,Səfəri qiymətləndir,Оцените поездку
Rate your driver,Sürücünü qiymətləndir,Оцените водителя
Ready for pickup,Təhvilə hazırdır,Готово к передаче
Rear,Arxa,Зад
Rear of the car,Avtomobilin arxası,Зад машины
Reason: Car unavailable,Səbəb: avtomobil mövcud deyil,Причина: машина недоступна
Receipt,Qəbz,Чек
Recent,Son,Недавние
Refund,Geri qaytarma,Возврат
Refund · Porsche,Geri qaytarma · Porsche,Возврат · Porsche
Refunds,Qaytarmalar,Возвраты
Register with documents,Sənədlərlə qeydiyyat,Регистрация по документам
"Rent a car by day, week or month","Günlük, həftəlik və ya aylıq icarə","Аренда на день, неделю или месяц"
Rent cars from local hosts.,Yerli sahibkarlardan avtomobil icarə edin.,Арендуйте машины у местных владельцев.
Rental,İcarə,Аренда
Rental complete,İcarə bitdi,Аренда завершена
"Rental completed
Mercedes-AMG GT · 1 day · ₼499","İcarə bitdi
Mercedes-AMG GT · 1 gün · ₼499","Аренда завершена
Mercedes-AMG GT · 1 сутки · ₼499"
Rental · 1 day,İcarə · 1 gün,Аренда · 1 сутки
Rental ₼380 · Service fee ₼19,İcarə ₼380 · Xidmət haqqı ₼19,Аренда ₼380 · Комиссия ₼19
Rentbutik EV 3 · Rashad · 32 min,Rentbutik EV 3 · Rəşad · 32 dəq,Rentbutik EV 3 · Рашад · 32 мин
Rentbutik EV 3 · about 5 min away,Rentbutik EV 3 · təxminən 5 dəq uzaqda,Rentbutik EV 3 · примерно в 5 мин
Rentbutik EV 6 · 18 Sep · Sahil,Rentbutik EV 6 · 18 sen · Sahil,Rentbutik EV 6 · 18 сен · Сахил
Rentbutik EV 6 · Sahil → 28 May street,Rentbutik EV 6 · Sahil → 28 May küçəsi,Rentbutik EV 6 · Сахил → ул. 28 Мая
Rentbutik Support,Rentbutik Dəstək,Поддержка Rentbutik
Rentbutik may review chats to keep everyone safe.,Hamının təhlükəsizliyi üçün Rentbutik söhbətləri yoxlaya bilər.,Rentbutik может проверять чаты ради безопасности.
Renter,İcarəçi,Аренда авто
Renters can add these when they book.,İcarəçilər bunları sifariş zamanı əlavə edə bilər.,Арендаторы могут добавить это при бронировании.
Reply within 24 h,24 saat ərzində cavab verin,Ответьте в течение 24 ч
Report,Şikayət et,Пожаловаться
Report Hasan?,Həsəndən şikayət edilsin?,Пожаловаться на Гасана?
Report Hasan…,Həsəndən şikayət et…,Пожаловаться на Гасана…
Report a problem,Problem bildir,Сообщить о проблеме
Request delivery · ₼5,Çatdırılma sifariş et · ₼5,Заказать доставку · ₼5
Request driver · about ₼35,Sürücü çağır · təxminən ₼35,Вызвать водителя · около ₼35
Reserved,Rezerv edildi,Зарезервировано
Retake photo,Yenidən çək,Переснять
Retake the back of your driving licence. Everything else is fine.,Sürücülük vəsiqəsinin arxasını yenidən çəkin. Qalan hər şey qaydasındadır.,Переснимите оборот прав. Остальное в порядке.
Return,Qaytarma,Возврат
Return by 16:00 · 2-hour rental,16:00-a qədər qaytarın · 2 saatlıq icarə,Вернуть до 16:00 · аренда на 2 часа
Return cart,Karı qaytar,Вернуть карт
Return photos,Qaytarma fotoları,Фото при возврате
Return to the Golf desk by 16:00,16:00-a qədər Qolf masasına qaytarın,Верните к стойке гольфа до 16:00
"Returns 26 Sep, 10:00","Qaytarılır 26 sen, 10:00","Вернётся 26 сен, 10:00"
Review pickup details,Götürmə detallarına baxın,Проверьте детали посадки
Review the dates and pickup details before accepting.,Qəbul etməzdən əvvəl tarixlərə və götürmə detallarına baxın.,Проверьте даты и детали получения перед принятием.
Ride complete,Gediş bitdi,Поездка завершена
Ride · 2 hours,Gediş · 2 saat,Поездка · 2 часа
Ride · hour tariff,Gediş · saatlıq tarif,Поездка · почасовой тариф
Rides,Gedişlər,Поездки
Rides & tours from Baku,Bakıdan gedişlər və turlar,Поездки и туры из Баку
Riding now,İndi yoldadır,В поездке
Right,Sağ,Справа
Right side,Sağ tərəf,Правая сторона
Route,Marşrut,Маршрут
Running 5 min late,5 dəq gecikirəm,Опаздываю на 5 мин
Sahil → 28 May street,Sahil → 28 May küçəsi,Сахил → ул. 28 Мая
"Sahil, Baku","Sahil, Bakı","Сахил, Баку"
Save card,Kartı saxla,Сохранить карту
Saved,Saxlanılanlar,Избранное
Saved so far,İndiyədək qənaət,Сэкономлено
Scan to unlock,Açmaq üçün skan edin,"Сканируйте, чтобы открыть"
Scanning…,Skan edilir…,Сканирование…
Sea Breeze Golf desk,Sea Breeze Qolf masası,Стойка гольфа Sea Breeze
Search,Axtarış,Поиск
Seats,Yerlər,Места
Seats & luggage,Yerlər və baqaj,Места и багаж
Security code,Təhlükəsizlik kodu,Код безопасности
Sedan,Sedan,Седан
"Sedan, SUV","Sedan, SUV","Седан, SUV"
See all,Hamısı,Все
Selfie,Selfi,Селфи
Selfie with your ID,Vəsiqə ilə selfi,Селфи с удостоверением
Send code,Kodu göndər,Отправить код
Send request,Sorğu göndər,Отправить заявку
September,Sentyabr,Сентябрь
September 2026,Sentyabr 2026,Сентябрь 2026
Service fee,Xidmət haqqı,Комиссия
Share invite link,Dəvət linkini paylaş,Поделиться ссылкой
Share link,Linki paylaş,Поделиться
Share trip,Səfəri paylaş,Поделиться поездкой
She’ll be told the car isn’t available for 24–26 Sep.,Ona 24–26 sen üçün avtomobilin olmadığı bildiriləcək.,"Ей сообщат, что машина недоступна 24–26 сен."
Show 5 cars · 28–29 Sep,5 avtomobil göstər · 28–29 sen,Показать 5 машин · 28–29 сен
Show all 4,Hamısı (4),Показать все (4)
Show all 6,Hamısı (6),Показать все (6)
Show booking G042 at the Sea Breeze Golf desk.,G042 sifarişini Sea Breeze Qolf masasında göstərin.,Покажите бронь G042 у стойки гольфа Sea Breeze.
Show the parking sign or zone marking next to the car.,Avtomobilin yanındakı parkinq nişanını və ya zona işarəsini göstərin.,Покажите знак парковки или разметку зоны рядом с машиной.
Show the seats and the dashboard.,Oturacaqları və paneli göstərin.,Покажите сиденья и приборную панель.
Sign,Nişan,Знак
Sign in,Daxil ol,Войти
Sign in with a glance instead of a code.,Kod əvəzinə bir baxışla daxil olun.,Входите взглядом вместо кода.
Sign in with your phone number. No documents needed.,Telefon nömrənizlə daxil olun. Sənəd lazım deyil.,Войдите по номеру телефона. Документы не нужны.
Sign out,Çıxış,Выйти
Sign out of Rentbutik?,Rentbutik-dən çıxılsın?,Выйти из Rentbutik?
Similar cars in Baku: ₼110–130,Bakıda oxşar avtomobillər: ₼110–130,Похожие машины в Баку: ₼110–130
Slide to cancel request,Ləğv etmək üçün sürüşdürün,"Сдвиньте, чтобы отменить"
Slide to end,Bitirmək üçün sürüşdürün,"Сдвиньте, чтобы завершить"
Sort,Sırala,Сортировка
Special occasion,Xüsusi hadisə,Особый случай
Specs & features,Xüsusiyyətlər,Характеристики
Spent this month,Bu ay xərclənib,Потрачено за месяц
Sports car,İdman avtomobili,Спорткар
Start,Başla,Старт
Start · 2 days · ₼180,Başla · 2 gün · ₼180,Старт · 2 суток · ₼180
Start · ₼30,Başla · ₼30,Старт · ₼30
Start · ₼38,Başla · ₼38,Старт · ₼38
Start · ₼50,Başla · ₼50,Старт · ₼50
Step 1 of 2 · About a minute.,Addım 1 / 2 · Təxminən bir dəqiqə.,Шаг 1 из 2 · Около минуты.
Step 1 of 2 · Company account,Addım 1 / 2 · Şirkət hesabı,Шаг 1 из 2 · Аккаунт компании
Step 1 of 4 · Your car,Addım 1 / 4 · Avtomobiliniz,Шаг 1 из 4 · Ваша машина
Step 2 of 4 · Photos & features,Addım 2 / 4 · Fotolar və xüsusiyyətlər,Шаг 2 из 4 · Фото и особенности
Step 3 of 4 · Where & when,Addım 3 / 4 · Harada və nə vaxt,Шаг 3 из 4 · Где и когда
Step 4 of 4 · Price & extras,Addım 4 / 4 · Qiymət və əlavələr,Шаг 4 из 4 · Цена и дополнения
Step back so the whole left side fits.,Bütün sol tərəf sığsın deyə geri çəkilin.,"Отойдите, чтобы вошла вся левая сторона."
Step back so the whole right side fits.,Bütün sağ tərəf sığsın deyə geri çəkilin.,"Отойдите, чтобы вошла вся правая сторона."
Support,Dəstək,Поддержка
Support · Here for you,Dəstək · Hər zaman yanınızda,Поддержка · Всегда на связи
Support · usually replies in 5 min,Dəstək · adətən 5 dəq-yə cavab verir,Поддержка · обычно отвечает за 5 мин
System,Sistem,Системное
Take 120 minutes · ₼25,120 dəqiqə al · ₼25,Взять 120 минут · ₼25
"Take 3,000 minutes · ₼420","3,000 dəqiqə al · ₼420","Взять 3,000 минут · ₼420"
Take 600 minutes · ₼108,600 dəqiqə al · ₼108,Взять 600 минут · ₼108
Tap a row to see its receipt.,Qəbzi görmək üçün sətrə toxunun.,"Нажмите строку, чтобы открыть чек."
Tap an invoice to share the PDF. Invoices go to accounts@company.az on the 5th.,PDF-i paylaşmaq üçün hesab-fakturaya toxunun. Hesab-fakturalar ayın 5-də accounts@company.az ünvanına gedir.,"Нажмите счёт, чтобы поделиться PDF. Счета приходят на accounts@company.az 5-го числа."
Tap everything your car has. Renters filter by these.,Avtomobilinizdə olan hər şeyi seçin. İcarəçilər bunlarla filtrləyir.,"Отметьте всё, что есть в машине. Арендаторы фильтруют по этому."
Tap to make default · swipe to remove,Əsas etmək üçün toxunun · silmək üçün sürüşdürün,"Нажмите, чтобы сделать основной · смахните, чтобы удалить"
Tap to scan,Skan üçün toxunun,Нажмите для скана
Team,Komanda,Команда
Technical inspection,Texniki baxış,Техосмотр
"Tell renters what makes your car special, and what is and isn’t allowed in it.","İcarəçilərə avtomobilinizin nə ilə fərqləndiyini və orada nəyin olar, nəyin olmaz olduğunu yazın.","Расскажите арендаторам, чем особенна машина и что в ней можно и нельзя."
Tell us what happened. We will help you with the next step.,Nə baş verdiyini yazın. Növbəti addımda kömək edəcəyik.,"Расскажите, что случилось. Мы поможем со следующим шагом."
Terminal 1 · arrivals exit,Terminal 1 · gəliş çıxışı,Терминал 1 · выход прилёта
Terms of service · Privacy policy,İstifadə şərtləri · Məxfilik siyasəti,Условия использования · Конфиденциальность
"Thanks, see you at the pickup point.","Sağ olun, götürmə yerində görüşərik.","Спасибо, увидимся на месте встречи."
The Mercedes is ready for your trip.,Mercedes səfərinizə hazırdır.,Mercedes готов к поездке.
The Sea Breeze team picks you up and drives.,Sea Breeze komandası sizi götürür və aparır.,Команда Sea Breeze заберёт и отвезёт вас.
"The more minutes you take, the less each minute costs.","Nə qədər çox dəqiqə alsanız, hər dəqiqə bir o qədər ucuz olur.","Чем больше минут, тем дешевле каждая минута."
This is your 1st warning — no fee this time.,"Bu, ilk xəbərdarlığınızdır — bu dəfə ödənişsiz.",Это первое предупреждение — в этот раз без штрафа.
This trip ended on 23 Sep · the chat is read-only,Bu səfər 23 sen-da bitib · söhbət yalnız oxunur,Поездка завершилась 23 сен · чат только для чтения
Today,Bu gün,Сегодня
Today 18:00 · 1 seat · Hasan,Bu gün 18:00 · 1 yer · Həsən,Сегодня 18:00 · 1 место · Гасан
Today · 09:12,Bu gün · 09:12,Сегодня · 09:12
Today · 09:41,Bu gün · 09:41,Сегодня · 09:41
Today · 18:00 · about 35 min,Bu gün · 18:00 · təxminən 35 dəq,Сегодня · 18:00 · около 35 мин
Today · 2 hours · Sea Breeze,Bu gün · 2 saat · Sea Breeze,Сегодня · 2 часа · Sea Breeze
"Today, 10:00 · Baku, Sahil","Bu gün, 10:00 · Bakı, Sahil","Сегодня, 10:00 · Баку, Сахил"
"Today, 10:00 · Sahil, Baku","Bu gün, 10:00 · Sahil, Bakı","Сегодня, 10:00 · Сахил, Баку"
Tools,Alətlər,Инструменты
Top up,Artır,Пополнить
Top up · Visa,Artırma · Visa,Пополнение · Visa
Top-ups,Artırmalar,Пополнения
Total,Cəmi,Итого
Total paid,Cəmi ödənilib,Всего оплачено
Total paid from Wallet,Pul kisəsindən cəmi ödənilib,Всего оплачено из Кошелька
Transfer,Transfer,Трансфер
Transfers,Transferlər,Трансферы
Transmission,Ötürmə qutusu,Коробка передач
Trip ended,Səfər bitdi,Поездка завершена
Trip history,Səfər tarixçəsi,История поездок
Trip updates,Səfər yenilikləri,Новости поездок
Trips,Səfərlər,Поездки
"Try a lower seat count or another car type, or clear your filters.","Daha az yer və ya başqa avtomobil növü seçin, ya da filtrləri təmizləyin.",Выберите меньше мест или другой тип машины либо сбросьте фильтры.
Try again,Yenidən cəhd et,Повторить
"Try again, or register with your documents instead.",Yenidən cəhd edin və ya sənədlərlə qeydiyyatdan keçin.,Повторите или зарегистрируйтесь по документам.
Tue 29 · 10:00,Ç.a. 29 · 10:00,Вт 29 · 10:00
Turn on,Aç,Включить
Turn on mobile internet or join Wi-Fi. Your trips and messages are saved and sync the moment you reconnect.,"Mobil interneti açın və ya Wi-Fi-a qoşulun. Səfərləriniz və mesajlarınız saxlanılır, bağlantı bərpa olunanda sinxronlaşır.",Включите мобильный интернет или Wi-Fi. Поездки и сообщения сохранены и синхронизируются при подключении.
Type the code,Kodu yazın,Ввести код
Unlock,Açmaq,Разблокировка
Unlocked,Açıqdır,Открыто
Until 14:30 · Hour tariff · capped at ₼60 today,14:30-a qədər · Saatlıq tarif · bu gün maks. ₼60,До 14:30 · Почасовой тариф · не больше ₼60 сегодня
Upcoming,Qarşıdakı,Предстоящие
Use Face ID,Face ID istifadə et,Использовать Face ID
Use Face ID next time?,Növbəti dəfə Face ID istifadə edilsin?,Использовать Face ID в следующий раз?
Used this month,Bu ay istifadə olunub,Использовано за месяц
Usually a few minutes. We’ll notify you the moment you’re verified.,Adətən bir neçə dəqiqə. Təsdiqlənən kimi xəbər verəcəyik.,"Обычно несколько минут. Сообщим, как только проверим."
Valid until 2031,2031-ə qədər etibarlıdır,Действительны до 2031
Vehicle condition,Avtomobilin vəziyyəti,Состояние машины
Vehicle registration,Qeydiyyat şəhadətnaməsi,Свидетельство о регистрации
Verified,Təsdiqlənib,Подтверждено
Verified · MyGov,Təsdiqlənib · MyGov,Подтверждено · MyGov
"Verify once, ride anytime","Bir dəfə təsdiqlə, istənilən vaxt sür",Подтвердите один раз — ездите всегда
Verifying documents,Sənədlər yoxlanılır,Проверка документов
Visa •••• 4242 was declined. Nothing was charged — pay with Wallet or another card.,Visa •••• 4242 rədd edildi. Heç nə tutulmayıb — Pul kisəsi və ya başqa kartla ödəyin.,Visa •••• 4242 отклонена. Деньги не списаны — оплатите Кошельком или другой картой.
"Visa, Mastercard or a local card","Visa, Mastercard və ya yerli kart","Visa, Mastercard или местная карта"
Waiting for driver,Sürücü gözlənilir,Ждём водителя
Waiting for host,Sahibkar gözlənilir,Ждём владельца
Wallet,Pul kisəsi,Кошелёк
"Wallet top-up completed
₼50 added to your balance","Pul kisəsi artırıldı
Balansınıza ₼50 əlavə olundu","Кошелёк пополнен
На баланс добавлено ₼50"
Wallet · ₼537.45,Pul kisəsi · ₼537.45,Кошелёк · ₼537.45
We answer fast,Tez cavab veririk,Отвечаем быстро
We bring Rentbutik EV 6 to your door.,Rentbutik EV 6-nı qapınıza gətiririk.,Привезём Rentbutik EV 6 к вашей двери.
We check the papers within a few hours. You can post the transfer now; it goes live once approved.,Sənədləri bir neçə saata yoxlayırıq. Transferi indi yerləşdirə bilərsiniz; təsdiqdən sonra aktiv olur.,Проверим документы за несколько часов. Трансфер можно разместить сейчас — он появится после одобрения.
We send a 6-digit code by SMS. There is no password.,SMS ilə 6 rəqəmli kod göndəririk. Parol yoxdur.,Отправим код из 6 цифр по SMS. Пароля нет.
Wed 30 · 22:00,Ç. 30 · 22:00,Ср 30 · 22:00
Weekly,Həftəlik,Неделя
Weekly & monthly prices,Həftəlik və aylıq qiymətlər,Цены на неделю и месяц
Welcome,Xoş gəldiniz,Добро пожаловать
Welcome back,Yenidən xoş gəldiniz,С возвращением
"Welcome to Rentbutik
Your next ride starts here.","Rentbutik-ə xoş gəldiniz
Növbəti səfəriniz buradan başlayır.","Добро пожаловать в Rentbutik
Следующая поездка начинается здесь."
"Welcome, Emin","Xoş gəldiniz, Emin","Здравствуйте, Эмин"
We’ll review this chat within 24 hours. Hasan won’t be told who reported.,Bu söhbəti 24 saat ərzində yoxlayacağıq. Həsənə kimin şikayət etdiyi bildirilməyəcək.,"Проверим чат в течение 24 часов. Гасану не скажут, кто пожаловался."
We’ll tell you as soon as a driver posts this route.,Sürücü bu marşrutu yerləşdirən kimi xəbər verəcəyik.,"Сообщим, как только водитель разместит этот маршрут."
We’ll tell you as soon as one is free near you.,Yaxınlıqda boş avtomobil olan kimi xəbər verəcəyik.,"Сообщим, как только рядом освободится машина."
We’ll tell you when one frees up.,Boşalan kimi xəbər verəcəyik.,"Сообщим, когда освободится."
What are you here to do today?,Bu gün nə etmək istəyirsiniz?,Что вы хотите сделать сегодня?
When,Nə vaxt,Когда
Where exactly?,Dəqiq harada?,Где именно?
Where to,Hara,Куда
Whole car,Bütün avtomobil,Вся машина
Whole car ₼160,Bütün avtomobil ₼160,Вся машина ₼160
With driver,Sürücü ilə,С водителем
Work,İş,Работа
Wrong or expired code · Resend,Kod səhvdir və ya vaxtı bitib · Yenidən göndər,Неверный или устаревший код · Отправить снова
YOUR DETAILS,MƏLUMATLARINIZ,ВАШИ ДАННЫЕ
Year,İl,Год
Yearly,İllik,Год
Yesterday,Dünən,Вчера
You can’t end your ride here,Gedişi burada bitirə bilməzsiniz,Здесь нельзя завершить поездку
You earn,Qazancınız,Вы получите
You earned,Qazandınız,Вы заработали
You get ₼31.50 / seat · ₼108 whole car · fee 10 %,Sizə ₼31.50 / yer · bütün avtomobil ₼108 · haqq 10 %,Вы получите ₼31.50 / место · вся машина ₼108 · комиссия 10 %
You get ₼760 back to Visa •••• 4242 in 3–5 days. The ₼33 service fee isn’t refunded.,₼760 3–5 günə Visa •••• 4242-yə qaytarılacaq. ₼33 xidmət haqqı qaytarılmır.,₼760 вернутся на Visa •••• 4242 за 3–5 дней. Комиссия ₼33 не возвращается.
You have arrived,Çatdınız,Вы на месте
You rated this trip,Bu səfəri qiymətləndirdiniz,Вы оценили поездку
You save vs pay-as-you-go,Adi tariflə müqayisədə qənaət,Экономия против обычного тарифа
You won’t get messages from Hasan. Your trips stay in Trips.,Həsəndən mesaj almayacaqsınız. Səfərləriniz Səfərlərdə qalır.,Вы не будете получать сообщения от Гасана. Поездки останутся в Поездках.
Your Porsche 911 GT3 RS is still held for you.,Porsche 911 GT3 RS hələ də sizin üçün saxlanılır.,Porsche 911 GT3 RS всё ещё держим для вас.
"Your account, trips and messages stay saved. You can sign back in any time.","Hesabınız, səfərləriniz və mesajlarınız saxlanılır. İstənilən vaxt yenidən daxil ola bilərsiniz.","Аккаунт, поездки и сообщения сохранятся. Войти снова можно в любой момент."
"Your booking is confirmed
Mercedes-AMG GT · 22–23 Sep","Sifarişiniz təsdiqləndi
Mercedes-AMG GT · 22–23 sen","Бронь подтверждена
Mercedes-AMG GT · 22–23 сен"
"Your booking was accepted.
Mercedes-AMG GT · 22–23 Sep","Sifarişiniz qəbul edildi.
Mercedes-AMG GT · 22–23 sen","Бронь принята.
Mercedes-AMG GT · 22–23 сен"
Your cars,Avtomobilləriniz,Ваши машины
Your code,Kodunuz,Ваш код
Your details,Məlumatlarınız,Ваши данные
"Your listing is live
BMW X5 M-Sport · ₼150 per day","Elanınız aktivdir
BMW X5 M-Sport · gündə ₼150","Объявление опубликовано
BMW X5 M-Sport · ₼150 в сутки"
"Your name and documents come from MyGov. To change them, update them in MyGov.",Adınız və sənədləriniz MyGov-dan gəlir. Dəyişmək üçün MyGov-da yeniləyin.,"Имя и документы берутся из MyGov. Чтобы изменить, обновите их в MyGov."
Your pin on the map,Xəritədəki pininiz,Ваша метка на карте
Your return is recorded,Qaytarmanız qeydə alındı,Возврат записан
Your return photo shows the car outside the zone,Qaytarma fotosunda avtomobil zonadan kənardadır,На фото возврата машина вне зоны
Your ride continues while you extend it.,Uzadarkən gediş davam edir.,"Поездка продолжается, пока вы продлеваете."
Your transfers,Transferləriniz,Ваши трансферы
Your wallet is empty and Visa •••• 4242 was declined.,Pul kisəniz boşdur və Visa •••• 4242 rədd edildi.,"Кошелёк пуст, а Visa •••• 4242 отклонена."
Your wallet is empty and Visa •••• 4242 was declined. Your golf cart reservation is kept.,Pul kisəniz boşdur və Visa •••• 4242 rədd edildi. Qolf karı rezerviniz saxlanılır.,"Кошелёк пуст, а Visa •••• 4242 отклонена. Резерв гольф-кара сохранён."
You’re verified,Təsdiqləndiniz,Вы подтверждены
again,yenidən,снова
bookings,sifariş,брони
name@example.com,ad@misal.az,имя@пример.az
paid,ödənilib,оплачено
paid out this month,bu ay ödənilib,выплачено за месяц
upcoming,qarşıda,впереди
views,baxış,просмотры
₼0.12 / min,₼0.12 / dəq,₼0.12 / мин
₼0.13 / min,₼0.13 / dəq,₼0.13 / мин
₼0.14 / min,₼0.14 / dəq,₼0.14 / мин
₼0.15 / min,₼0.15 / dəq,₼0.15 / мин
₼0.16 / min,₼0.16 / dəq,₼0.16 / мин
₼0.17 / min,₼0.17 / dəq,₼0.17 / мин
₼0.18 / min,₼0.18 / dəq,₼0.18 / мин
₼0.19 / min,₼0.19 / dəq,₼0.19 / мин
₼0.20 / min,₼0.20 / dəq,₼0.20 / мин
₼0.21 / min,₼0.21 / dəq,₼0.21 / мин
₼0.22 / min,₼0.22 / dəq,₼0.22 / мин
₼0.23 / min,₼0.23 / dəq,₼0.23 / мин
₼0.25/min,₼0.25/dəq,₼0.25/мин
₼0.35 / km,₼0.35 / km,₼0.35 / км
"₼1 unlock · ₼5 hold, released after the ride","₼1 açma · ₼5 blok, gedişdən sonra azad edilir","₼1 разблокировка · ₼5 блокировка, снимается после поездки"
₼100 deposit held separately,₼100 depozit ayrıca bloklanır,Депозит ₼100 блокируется отдельно
₼100 returned,₼100 qaytarıldı,₼100 возвращено
₼100 · In review,₼100 · Yoxlanılır,₼100 · На проверке
₼15 / seat,₼15 / yer,₼15 / место
₼15 extra · New ride total ₼31,₼15 əlavə · Yeni cəm ₼31,+₼15 · Новый итог ₼31
₼15/hour,₼15/saat,₼15/час
₼220 / day,₼220 / gün,₼220 / сутки
₼25 / seat,₼25 / yer,₼25 / место
₼30 / seat,₼30 / yer,₼30 / место
₼300 / month,₼300 / ay,₼300 / месяц
₼35 / seat · ₼120 whole car,₼35 / yer · bütün avtomobil ₼120,₼35 / место · вся машина ₼120
₼380 / day,₼380 / gün,₼380 / сутки
₼40 / seat,₼40 / yer,₼40 / место
₼40 extension − ₼2 discount = ₼38,₼40 uzatma − ₼2 endirim = ₼38,₼40 продление − ₼2 скидка = ₼38
₼40 ride − ₼2 discount. The deposit release can take a few days to show at your bank.,₼40 gediş − ₼2 endirim. Depozitin azad olunması bankda bir neçə günə görünə bilər.,₼40 поездка − ₼2 скидка. Разблокировка депозита может занять несколько дней в банке.
₼45 / seat,₼45 / yer,₼45 / место
₼460 refunded,₼460 qaytarıldı,₼460 возвращено
₼460 to Visa •••• 4242,₼460 Visa •••• 4242-yə,₼460 на Visa •••• 4242
₼50 / day,₼50 / gün,₼50 / сутки
₼500 excess per claim. Coverage is subject to the rental agreement.,Hər hadisəyə ₼500 franşiza. Sığorta icarə müqaviləsinə əsasən.,Франшиза ₼500 за случай. Покрытие — по договору аренды.
₼60/day,₼60/gün,₼60/сутки
"₼612 of ₼1,500","₼1,500-dan ₼612","₼612 из ₼1,500"
₼650 / day,₼650 / gün,₼650 / сутки
₼700 / day,₼700 / gün,₼700 / сутки
₼793 · deposit ₼100 incl.,₼793 · ₼100 depozit daxil,₼793 · вкл. депозит ₼100
₼900 / day,₼900 / gün,₼900 / сутки
